sample,gene,n_isoforms,n_spots,expressing_spots,total_counts,hsic_ir,pvalue,log10_pval
MGH258,APP,2,2212,1742,6322,2.500210951728544e-05,0.3049057569306753,-0.5158343756358602
ZH1007inf,APP,3,1400,1178,5566,7.428246896404215e-05,1.55137318325679e-05,-4.809283719959164
ZH1007nec,APP,3,952,933,8199,5.488904334883739e-05,0.0049829317069875,-2.3025150649625385
ZH881T1,APP,2,2770,2707,22154,2.2231616899650284e-05,4.5072506509222985e-12,-11.346088289879855
ZH881inf,APP,2,1044,878,3095,3.41154132395464e-05,0.2493126841231178,-0.6032556256095616
ZH916bulk,APP,3,2058,1867,10365,5.687841595739486e-05,5.720667821789533e-28,-27.2425532693908
ZH916inf,APP,5,881,769,2831,5.41433657687555e-05,0.1098797106104345,-0.9590824930488628
