"gene","n_sig_events","n_comparisons","max_delta_psi_pct","min_pvalue","min_padj","validation_status"
"VCAN",45,23,99.3,1.39394369055114e-180,1.56818665187003e-177,"STRONG"
"APP",65,41,66.9,8.57355008827125e-52,1.37789197847217e-49,"STRONG"
"HMGB1",39,25,96.4,1.17298475204771e-38,1.16435986416501e-36,"STRONG"
"CLU",26,17,19.5,4.40757116499967e-38,4.0204196437497e-36,"STRONG"
"LGALS3",3,3,16,2.56318147090237e-12,6.81160430259487e-11,"MODERATE"
"CD74",4,4,83,5.72770090790176e-07,7.49263200161568e-06,"MODERATE"
"SPP1",9,8,27.7,1.83146475163577e-05,0.000196853297349386,"STRONG"
"SPARCL1",3,3,13.8,0.000435546030065907,0.00343450432587018,"MODERATE"
